"Size","Avg","Type"
1,94245.213819,"C"
2,125839.197290,"C"
3,82040.981434,"C"
4,67032.769970,"C"
5,118640.747242,"C"
6,132756.637049,"C"
7,172150.748907,"C"
8,200550.031835,"C"
9,201237.089809,"C"
10,160202.558140,"C"
11,249514.053577,"C"
12,203224.154380,"C"
13,214503.257312,"C"
14,312044.987460,"C"
15,275797.429784,"C"
16,270465.699329,"C"
17,228878.747823,"C"
18,319297.049739,"C"
19,261942.292707,"C"
20,251583.785329,"C"
21,339983.673857,"C"
22,352111.029253,"C"
23,400940.888743,"C"
24,502714.873393,"C"
25,428295.123224,"C"
26,381698.274863,"C"
27,404497.000976,"C"
28,384729.563878,"C"
29,480362.337213,"C"
30,489791.398112,"C"
31,504024.790668,"C"
32,475514.797970,"C"
33,481526.324860,"C"
34,519579.083140,"C"
35,525409.297914,"C"
36,612606.080369,"C"
37,583947.218506,"C"
38,512432.266948,"C"
39,624305.704861,"C"
40,550971.797354,"C"
41,543795.917461,"C"
42,613161.269256,"C"
43,643995.964599,"C"
44,580570.950400,"C"
45,677600.589862,"C"
46,630400.167564,"C"
47,644838.116706,"C"
48,663296.873306,"C"
49,602919.081567,"C"
50,580673.415165,"C"
51,681495.877252,"C"
52,622224.599341,"C"
53,719335.581921,"C"
54,838477.183707,"C"
55,738129.714482,"C"
56,708524.989372,"C"
57,803722.343438,"C"
58,836220.628705,"C"
59,716851.952460,"C"
60,769252.599790,"C"
61,768130.263104,"C"
62,798690.885186,"C"
63,839446.062266,"C"
64,953750.729915,"C"
65,1008353.070924,"C"
66,834105.376314,"C"
67,717780.288085,"C"
68,1001391.700483,"C"
69,1018583.392857,"C"
70,1084568.089537,"C"
71,982610.169760,"C"
72,958459.613812,"C"
73,861895.426813,"C"
74,962503.255618,"C"
75,881083.694094,"C"
76,951890.699795,"C"
77,1012403.462655,"C"
78,1033920.264323,"C"
79,1017111.228687,"C"
80,1050937.809507,"C"
81,1056951.673064,"C"
82,1075739.741573,"C"
83,1077423.693600,"C"
84,1067796.939564,"C"
85,1081546.541919,"C"
86,1150660.807089,"C"
87,1087631.443327,"C"
88,1240656.364769,"C"
89,1101145.143997,"C"
90,1088128.551639,"C"
91,1374423.583895,"C"
92,1193189.135498,"C"
93,1135289.655910,"C"
94,1117029.003455,"C"
95,1273962.307160,"C"
96,1330346.284698,"C"
97,1269484.890282,"C"
98,1126629.255855,"C"
99,1459788.694001,"C"
100,1550891.305256,"C"
101,1330867.489583,"C"
102,1239029.785259,"C"
103,1300151.571275,"C"
104,1457962.311261,"C"
105,1301605.172108,"C"
106,1389444.276618,"C"
107,1338643.453732,"C"
108,1626463.568230,"C"
109,1352886.945371,"C"
110,1509401.039971,"C"
111,1337165.268147,"C"
112,1327337.538099,"C"
113,1459868.765375,"C"
114,1334744.377573,"C"
115,1751018.984570,"C"
116,1545483.458034,"C"
117,1378483.432540,"C"
118,1256342.857143,"C"
119,1604777.561649,"C"
120,1580404.398415,"C"
121,1435812.700036,"C"
122,1552908.510383,"C"
123,1353222.408637,"C"
124,1719421.408907,"C"
125,1466418.823117,"C"
126,1635936.912172,"C"
127,1708011.792719,"C"
128,1733703.678940,"C"
129,1815103.276306,"C"
130,1680988.472919,"C"
131,1597129.607156,"C"
132,1660346.185391,"C"
133,1587687.219008,"C"
134,1696398.810325,"C"
135,1677139.168613,"C"
136,1741698.203390,"C"
137,1923503.527380,"C"
138,1828576.656077,"C"
139,1714011.516318,"C"
140,1588580.740163,"C"
141,2120432.320169,"C"
142,1968361.655720,"C"
143,1651686.539063,"C"
144,2036758.481050,"C"
145,1751912.113724,"C"
146,1870947.236501,"C"
147,1978249.897572,"C"
148,1842732.876215,"C"
149,2163193.441946,"C"
150,2026537.180075,"C"
151,1993760.726136,"C"
152,1784917.651298,"C"
153,1795075.376790,"C"
154,2027284.507842,"C"
155,2182777.540847,"C"
156,1851509.397955,"C"
157,1971206.268930,"C"
158,2128874.025622,"C"
159,2081944.723757,"C"
160,1921334.797892,"C"
161,1932153.177168,"C"
162,1964315.657726,"C"
163,1947153.541825,"C"
164,2369233.173752,"C"
165,2307877.947349,"C"
166,2130389.595806,"C"
167,2193136.775895,"C"
168,2140016.798210,"C"
169,2246648.075106,"C"
170,2159408.639906,"C"
171,2307569.092437,"C"
172,2541981.068914,"C"
173,2315822.329124,"C"
174,2107713.778603,"C"
175,2303023.607775,"C"
176,2224889.031686,"C"
177,2493814.201484,"C"
178,2305541.538127,"C"
179,2420145.871417,"C"
180,2157532.390098,"C"
181,2365603.287745,"C"
182,2607727.954422,"C"
183,2074611.010031,"C"
184,2427026.270988,"C"
185,2526984.904892,"C"
186,2390108.075324,"C"
187,2193118.042178,"C"
188,2503456.031932,"C"
189,2442762.167399,"C"
190,2612486.395152,"C"
191,2413167.220748,"C"
192,2435700.528520,"C"
193,2634272.123749,"C"
194,2296019.745405,"C"
195,2789531.321667,"C"
196,2334495.647410,"C"
197,2487907.454221,"C"
198,2428689.583301,"C"
199,2696439.414936,"C"
200,2815617.026122,"C"
201,2673358.132948,"C"
202,2810864.953671,"C"
203,2524577.522451,"C"
204,2749097.871491,"C"
205,2736943.076362,"C"
206,2688016.559153,"C"
207,2661654.161303,"C"
208,2838739.208582,"C"
209,2536976.011825,"C"
210,2909562.835373,"C"
211,2936059.505368,"C"
212,2867223.576278,"C"
213,3194606.404568,"C"
214,2660520.540266,"C"
215,2978001.392079,"C"
216,2876092.265455,"C"
217,2892171.365408,"C"
218,2649389.459350,"C"
219,3163650.004114,"C"
220,3084574.279723,"C"
221,3018802.792632,"C"
222,3001859.406524,"C"
223,3012906.479697,"C"
224,3027749.027617,"C"
225,2777986.102768,"C"
226,3492345.415536,"C"
227,2958372.664075,"C"
228,3031563.140552,"C"
229,3026282.671825,"C"
230,3083867.083928,"C"
231,3414592.092646,"C"
232,3202715.790786,"C"
233,3258503.002984,"C"
234,3132590.720314,"C"
235,3270407.349574,"C"
236,3238706.130197,"C"
237,2924713.640311,"C"
238,3416329.056695,"C"
239,3501966.570839,"C"
240,3341752.976391,"C"
241,3273177.590548,"C"
242,3295233.169946,"C"
243,3114181.039290,"C"
244,3328304.544542,"C"
245,3252152.307239,"C"
246,3163656.071667,"C"
247,3385341.991505,"C"
248,3072752.141089,"C"
249,3351700.199253,"C"
250,3479740.633004,"C"
251,3532734.573608,"C"
252,3444612.659758,"C"
253,3358344.739543,"C"
254,3623620.323592,"C"
255,3477696.138648,"C"
256,3605711.726800,"C"
257,3253626.856645,"C"
258,3302242.407121,"C"
259,3483660.902429,"C"
260,3502205.214226,"C"
261,3617712.563131,"C"
262,3278260.594233,"C"
263,3462535.440331,"C"
264,3163313.649030,"C"
265,3675342.734685,"C"
266,3424026.582300,"C"
267,3667968.176653,"C"
268,3905927.017603,"C"
269,3593337.953840,"C"
270,3395811.768506,"C"
271,3917599.094577,"C"
272,3691111.328457,"C"
273,4058029.764228,"C"
274,4044988.565878,"C"
275,3991670.515050,"C"
276,3588914.633882,"C"
277,3710791.725328,"C"
278,3573851.076003,"C"
279,3627890.704724,"C"
280,3913063.944785,"C"
281,4103086.283666,"C"
282,3769721.517211,"C"
283,3832765.684840,"C"
284,3969217.839155,"C"
285,4323300.921732,"C"
286,4157571.567210,"C"
287,3921912.065227,"C"
288,4591387.389289,"C"
289,3864303.899540,"C"
290,4200552.632662,"C"
291,3772637.785966,"C"
292,4628447.509916,"C"
293,4269422.248076,"C"
294,4052697.501547,"C"
295,4026365.106449,"C"
296,3951755.207498,"C"
297,4153511.070303,"C"
298,4036963.853199,"C"
299,3996613.753888,"C"
300,4007626.092062,"C"
301,4442504.375456,"C"
302,4196526.588429,"C"
303,4648495.496340,"C"
304,4095202.642665,"C"
305,4816687.405292,"C"
306,3864585.029647,"C"
307,4290989.703146,"C"
308,4438882.491679,"C"
309,4080529.596568,"C"
310,4171592.910531,"C"
311,4395813.994952,"C"
312,4432978.171059,"C"
313,4813486.217609,"C"
314,4429467.832880,"C"
315,4732562.295434,"C"
316,4522225.120190,"C"
317,4672715.473804,"C"
318,4512950.686581,"C"
319,4420473.552669,"C"
320,4917976.389331,"C"
321,4326417.682571,"C"
322,4164815.343920,"C"
323,4476309.249882,"C"
324,4734486.043251,"C"
325,4493001.339765,"C"
326,4595642.866788,"C"
327,5307676.573105,"C"
328,4201488.656638,"C"
329,4657949.940000,"C"
330,4429107.880674,"C"
331,4534003.462936,"C"
332,4795698.482250,"C"
333,4606040.739934,"C"
334,4799238.290062,"C"
335,5326665.016835,"C"
336,5122247.337110,"C"
337,4645525.263415,"C"
338,5026593.870739,"C"
339,4941829.199321,"C"
340,5319455.732323,"C"
341,4864009.568656,"C"
342,5027494.044053,"C"
343,5452599.198578,"C"
344,4526851.773167,"C"
345,5124645.849761,"C"
346,4971477.471232,"C"
347,5116674.164527,"C"
348,4998672.141885,"C"
349,5696691.826526,"C"
350,5553238.397108,"C"
351,4960320.022506,"C"
352,5042334.538765,"C"
353,5190650.707201,"C"
354,5817483.709819,"C"
355,5401399.015101,"C"
356,5244196.068966,"C"
357,5231840.907506,"C"
358,5152467.632212,"C"
359,5601975.347353,"C"
360,5301357.483333,"C"
361,5233256.702899,"C"
362,5454093.903614,"C"
363,5560218.767037,"C"
364,5677436.091320,"C"
365,5166258.203491,"C"
366,5220086.533946,"C"
367,5127731.071206,"C"
368,5384499.858009,"C"
369,5179504.781783,"C"
370,5968555.547150,"C"
371,5713730.058024,"C"
372,6283304.699456,"C"
373,5987798.004968,"C"
374,5481072.343000,"C"
375,5831983.234896,"C"
376,5411640.840509,"C"
377,5602978.577171,"C"
378,5202824.258906,"C"
379,5837535.066365,"C"
380,4703356.056050,"C"
381,5178599.080454,"C"
382,5669902.579210,"C"
383,5936433.817067,"C"
384,5129208.672804,"C"
385,5423871.031348,"C"
386,5910846.543005,"C"
387,6335912.948919,"C"
388,6531581.023810,"C"
389,6072814.486600,"C"
390,6260376.939791,"C"
391,5906884.187722,"C"
392,5944856.658624,"C"
393,5586371.789885,"C"
394,5691640.580712,"C"
395,6080417.127807,"C"
396,5237827.327744,"C"
397,6143963.120207,"C"
398,5870344.402799,"C"
399,5895748.680173,"C"
400,6149498.624333,"C"
401,6018220.781250,"C"
402,7123147.843943,"C"
403,6260329.383547,"C"
404,6216307.237350,"C"
405,6473444.768693,"C"
406,6364850.204203,"C"
407,6696923.181768,"C"
408,7140197.744402,"C"
409,6468335.838416,"C"
410,6225569.631079,"C"
411,6319499.472373,"C"
412,6376056.651741,"C"
413,7063313.080280,"C"
414,6316929.969247,"C"
415,7057187.118148,"C"
416,7150527.465897,"C"
417,6452042.619497,"C"
418,6991751.720022,"C"
419,7392445.029016,"C"
420,5411651.740253,"C"
421,6323019.339065,"C"
422,7544460.152245,"C"
423,7333872.690768,"C"
424,6984234.963523,"C"
425,6670512.320291,"C"
426,7578322.102878,"C"
427,7528888.253233,"C"
428,6901092.221122,"C"
429,7384874.278446,"C"
430,6956665.580089,"C"
431,7822098.001103,"C"
432,6490444.906977,"C"
433,7264423.375352,"C"
434,6989116.647314,"C"
435,6494549.995676,"C"
436,6760714.127790,"C"
437,7240830.120879,"C"
438,7524702.244420,"C"
439,8141205.658416,"C"
440,7475234.861449,"C"
441,7571375.819373,"C"
442,7108496.369390,"C"
443,8063334.896097,"C"
444,7183772.582923,"C"
445,7974238.986755,"C"
446,6983105.155785,"C"
447,6986706.135229,"C"
448,6595785.185642,"C"
449,8657720.682060,"C"
450,8041943.279907,"C"
451,6623470.094507,"C"
452,7922463.121087,"C"
453,7268541.824364,"C"
454,7646140.750146,"C"
455,8093053.855442,"C"
456,6747170.151549,"C"
457,8383527.698898,"C"
458,8136673.785589,"C"
459,7148690.139494,"C"
460,7616443.243433,"C"
461,8088757.171940,"C"
462,8142483.981243,"C"
463,8237049.376286,"C"
464,7226575.262500,"C"
465,8574686.016251,"C"
466,8002934.042204,"C"
467,7103230.840174,"C"
468,8578616.193268,"C"
469,8256754.344144,"C"
470,7763590.259528,"C"
471,8433022.636309,"C"
472,8950555.676237,"C"
473,8073356.018890,"C"
474,6969475.474070,"C"
475,7247595.815947,"C"
476,8198606.860979,"C"
477,8501236.934186,"C"
478,8362410.709792,"C"
479,7883675.188599,"C"
480,8409129.322523,"C"
481,8748639.804099,"C"
482,7240925.004271,"C"
483,8664711.240638,"C"
484,8082057.193373,"C"
485,7686467.355902,"C"
486,8884909.097872,"C"
487,9833580.160486,"C"
488,8822996.438714,"C"
489,9454344.022432,"C"
490,7238312.470096,"C"
491,8453072.882279,"C"
492,9307377.908039,"C"
493,7600200.183537,"C"
494,9559663.374162,"C"
495,7626002.633085,"C"
496,8050588.836544,"C"
497,9334980.359822,"C"
498,9219845.648359,"C"
499,8444791.139435,"C"
500,8831054.615334,"C"
501,9073138.213065,"C"
502,9987915.388889,"C"
503,9853409.989519,"C"
504,8391356.739386,"C"
505,9359735.598490,"C"
506,9203984.117793,"C"
507,9050425.908913,"C"
508,8642465.677914,"C"
509,8565652.040752,"C"
510,10221354.132296,"C"
511,9081932.350068,"C"
512,10721938.724074,"C"
513,9546009.205997,"C"
514,9389225.968689,"C"
515,10200686.400776,"C"
516,9785629.270692,"C"
517,7978847.878387,"C"
518,10591860.986009,"C"
519,12075724.158923,"C"
520,10279528.096064,"C"
521,9212418.367704,"C"
522,9528728.477288,"C"
523,8839160.755291,"C"
524,9118414.353355,"C"
525,11562382.567568,"C"
526,10892488.617172,"C"
527,10181060.494697,"C"
528,9923961.211590,"C"
529,9948063.509485,"C"
530,9573380.108162,"C"
531,9138771.144965,"C"
532,9874947.846354,"C"
533,9928665.386748,"C"
534,12350743.642759,"C"
535,10097922.654193,"C"
536,9014831.355026,"C"
537,9602782.016427,"C"
538,9904768.496667,"C"
539,10132434.769231,"C"
540,10232821.892999,"C"
541,9505280.718986,"C"
542,10215050.044766,"C"
543,9911470.892833,"C"
544,9453965.080363,"C"
545,10043176.895317,"C"
546,8790922.384250,"C"
547,10244449.473611,"C"
548,10531907.942436,"C"
549,9558139.835513,"C"
550,11395821.090403,"C"
551,10840452.572129,"C"
552,11036473.412791,"C"
553,10861205.958564,"C"
554,10870018.369162,"C"
555,13207503.133909,"C"
556,9508155.524912,"C"
557,10201949.504480,"C"
558,11122725.903546,"C"
559,9958638.732394,"C"
560,9165637.729730,"C"
561,10909192.429167,"C"
562,11442098.488792,"C"
563,9884334.645341,"C"
564,10050249.930085,"C"
565,10448669.190065,"C"
566,10894431.776786,"C"
567,12485572.133381,"C"
568,11636346.680258,"C"
569,11090340.386828,"C"
570,12573508.840843,"C"
571,11703287.852877,"C"
572,10598129.757070,"C"
573,11328481.023172,"C"
574,9181456.380810,"C"
575,11389829.070259,"C"
576,11838187.008082,"C"
577,11101415.829323,"C"
578,11908180.288447,"C"
579,9767342.103916,"C"
580,11239686.667714,"C"
581,11844063.400145,"C"
582,11412381.184151,"C"
583,12308957.382375,"C"
584,10222485.492182,"C"
585,12640125.881135,"C"
586,10372473.078616,"C"
587,11056976.323225,"C"
588,11693482.834432,"C"
589,11916591.522727,"C"
590,11075071.018809,"C"
591,12101032.965850,"C"
592,12067510.283988,"C"
593,11853056.112687,"C"
594,10862431.838438,"C"
595,10886171.981206,"C"
596,10975555.464779,"C"
597,10678437.217121,"C"
598,12073914.991711,"C"
599,11455298.977255,"C"
600,12652311.442926,"C"
601,11577246.103206,"C"
602,11639386.860065,"C"
603,9833723.416994,"C"
604,11708618.902165,"C"
605,14002605.695888,"C"
606,14384586.965375,"C"
607,12413051.294686,"C"
608,11102953.616186,"C"
609,11755188.249204,"C"
610,12188477.131621,"C"
611,11100855.978486,"C"
612,8901607.195518,"C"
613,12365963.665091,"C"
614,13406370.139866,"C"
615,13844470.306034,"C"
616,14739337.206897,"C"
617,13149534.483687,"C"
618,13476505.098684,"C"
619,12386239.304746,"C"
620,12154022.968647,"C"
621,12639520.015504,"C"
622,14211500.599474,"C"
623,10990377.029838,"C"
624,10852610.269438,"C"
625,12082477.820860,"C"
626,14097502.647766,"C"
627,11830010.013889,"C"
628,12496094.128448,"C"
629,14685077.920032,"C"
630,13099024.080134,"C"
631,12756781.320071,"C"
632,13314134.123967,"C"
633,15676903.708949,"C"
634,13703744.635481,"C"
635,11594244.495311,"C"
636,15411903.252568,"C"
637,13677460.060119,"C"
638,13364740.485880,"C"
639,13049895.196237,"C"
640,14569207.235193,"C"
641,12496568.095363,"C"
642,15832822.182475,"C"
643,15630933.503490,"C"
644,12637963.876206,"C"
645,12401965.066957,"C"
646,15446827.603006,"C"
647,13523957.648829,"C"
648,15920516.154522,"C"
649,15455271.750231,"C"
650,15792890.824360,"C"
651,15606001.237397,"C"
652,12362264.246903,"C"
653,12558010.695221,"C"
654,15979669.844133,"C"
655,14558196.192635,"C"
656,15707729.659631,"C"
657,15860244.671480,"C"
658,15279737.285586,"C"
659,15269961.336275,"C"
660,15989126.696942,"C"
661,13717730.578899,"C"
662,15513393.579577,"C"
663,16164433.050132,"C"
664,15670415.031687,"C"
665,13298688.437558,"C"
666,14048278.157565,"C"
667,15990836.628599,"C"
668,13895109.776065,"C"
669,15797853.064370,"C"
670,16003305.253534,"C"
671,16641645.326960,"C"
672,19259644.535344,"C"
673,14833545.830712,"C"
674,14995185.870504,"C"
675,15641597.321110,"C"
676,15469961.043519,"C"
677,17138602.655106,"C"
678,16164546.759633,"C"
679,15608364.487395,"C"
680,14821929.454363,"C"
681,16999707.642424,"C"
682,16498481.710130,"C"
683,15173209.406037,"C"
684,13785345.448938,"C"
685,17897703.186553,"C"
686,15687652.312810,"C"
687,13249446.844575,"C"
688,13811821.710752,"C"
689,15740684.580357,"C"
690,18356484.635021,"C"
691,16850586.063618,"C"
692,16257198.655488,"C"
693,13158792.177498,"C"
694,14312675.235236,"C"
695,14165079.403561,"C"
696,19837960.903448,"C"
697,16446994.897233,"C"
698,16953430.227733,"C"
699,16599335.595565,"C"
700,13936957.041756,"C"
701,18114310.252988,"C"
702,17792515.426299,"C"
703,17801314.521693,"C"
704,13851025.909091,"C"
705,14974743.387555,"C"
706,15578815.464995,"C"
707,18349722.839400,"C"
708,14492770.801887,"C"
709,19682287.592119,"C"
710,17289791.970165,"C"
711,20049161.997775,"C"
712,14340794.903491,"C"
713,14481345.524064,"C"
714,21513592.918455,"C"
715,16572878.349738,"C"
716,16290383.100524,"C"
717,14411741.327566,"C"
718,14275898.130529,"C"
719,14755366.616927,"C"
720,16147514.672470,"C"
721,25259843.371892,"C"
722,15498554.653128,"C"
723,16947439.243902,"C"
724,18451284.349493,"C"
725,18424898.752028,"C"
726,13560470.522777,"C"
727,19406227.742291,"C"
728,16795500.831138,"C"
729,21324288.366273,"C"
730,15410881.051078,"C"
731,17353813.135773,"C"
732,16034902.105717,"C"
733,16381154.694750,"C"
734,17724307.888517,"C"
735,15086581.312500,"C"
736,20611838.432243,"C"
737,17108050.226392,"C"
738,19210385.787456,"C"
739,24004047.045400,"C"
740,15913066.137087,"C"
741,19416343.771360,"C"
742,18672911.627404,"C"
743,21070250.941250,"C"
744,15604173.035496,"C"
745,20182017.919144,"C"
746,20478464.388551,"C"
747,15906548.711217,"C"
748,21975917.444706,"C"
749,19404519.813028,"C"
750,17150760.228792,"C"
751,19103532.000000,"C"
752,13488674.012270,"C"
753,16838980.023691,"C"
754,17277998.117576,"C"
755,17142277.220844,"C"
756,18262113.562500,"C"
757,16075968.433455,"C"
758,16226879.362408,"C"
759,20265919.334911,"C"
760,14390133.972046,"C"
761,16004480.268856,"C"
762,24600897.184242,"C"
763,23314421.680210,"C"
764,21755320.739387,"C"
765,17890225.355638,"C"
766,20166791.330287,"C"
767,17242494.307270,"C"
768,15389265.420253,"C"
769,15958069.617685,"C"
770,16584226.975504,"C"
771,21419406.371274,"C"
772,19440113.018893,"C"
773,17842569.965326,"C"
774,19362254.106771,"C"
775,20550883.657343,"C"
776,20064290.982574,"C"
777,16717012.219124,"C"
778,21320726.247606,"C"
779,13955269.259843,"C"
780,16080310.972222,"C"
781,18252453.904828,"C"
782,19068933.897250,"C"
783,21712524.140921,"C"
784,22415241.252174,"C"
785,18524318.200271,"C"
786,15370542.496997,"C"
787,19591448.191633,"C"
788,16230468.551049,"C"
789,22884129.276109,"C"
790,18919954.349275,"C"
791,17442417.238519,"C"
792,18122155.629457,"C"
793,19205842.244726,"C"
794,16145701.444277,"C"
795,23951126.912072,"C"
796,16714129.027299,"C"
797,19705820.135521,"C"
798,20209576.254111,"C"
799,20715471.658610,"C"
800,22320332.878315,"C"
801,19109191.137195,"C"
802,21388003.749646,"C"
803,19703052.836582,"C"
804,21308170.808847,"C"
805,20753013.050794,"C"
806,15664025.256693,"C"
807,24134784.243323,"C"
808,19475206.988522,"C"
809,13540742.762360,"C"
810,19006400.701113,"C"
811,22214251.393939,"C"
812,16030176.926591,"C"
813,26605968.220367,"C"
814,15337219.496644,"C"
815,19720430.664912,"C"
816,26311416.423622,"C"
817,21540830.190865,"C"
818,24622357.518293,"C"
819,19450298.898820,"C"
820,18574365.403315,"C"
821,24076590.481848,"C"
822,28795681.097297,"C"
823,19782245.828571,"C"
824,23074009.380783,"C"
825,17671466.624585,"C"
826,20828879.191336,"C"
827,20995832.482645,"C"
828,20212010.643225,"C"
829,20560158.883051,"C"
830,19450685.766607,"C"
831,18168824.120594,"C"
832,28408355.409171,"C"
833,23260742.479279,"C"
834,21307375.646536,"C"
835,17952574.431271,"C"
836,19934025.757143,"C"
837,27631388.925046,"C"
838,19601253.612167,"C"
839,19586787.191176,"C"
840,23329145.042084,"C"
841,17567528.481949,"C"
842,20796789.750000,"C"
843,29082641.620553,"C"
844,25717790.413861,"C"
845,22081558.242718,"C"
846,28205447.513725,"C"
847,22485349.229209,"C"
848,23510074.341682,"C"
849,18497997.274286,"C"
850,19177355.857143,"C"
851,17446331.022403,"C"
852,15693854.604082,"C"
853,22756745.701053,"C"
854,18004657.898785,"C"
855,25659202.579909,"C"
856,22937145.848485,"C"
857,19122385.939638,"C"
858,17463824.826336,"C"
859,23994287.856846,"C"
860,21099345.929670,"C"
861,24458639.589391,"C"
862,18810000.535469,"C"
863,22038280.644647,"C"
864,17194698.315294,"C"
865,26196663.405345,"C"
866,25348221.464363,"C"
867,34447002.927686,"C"
868,29726300.225532,"C"
869,17396708.907173,"C"
870,22129404.135371,"C"
871,24642144.489655,"C"
872,26217586.587264,"C"
873,26832129.146214,"C"
874,17434550.702032,"C"
875,24360372.494200,"C"
876,20611102.731278,"C"
877,19941108.466346,"C"
878,18628258.867749,"C"
879,22260558.126984,"C"
880,21090564.201456,"C"
881,24242687.127359,"C"
882,23068688.950131,"C"
883,26583627.478571,"C"
884,23222559.833333,"C"
885,27038129.752500,"C"
886,25263763.893401,"C"
887,21219571.071038,"C"
888,22173974.799043,"C"
889,23228838.625316,"C"
890,29232152.174157,"C"
891,21070970.433708,"C"
892,35289236.716253,"C"
893,20670306.957333,"C"
894,21184289.456091,"C"
895,26380565.641414,"C"
896,27339556.178571,"C"
897,19241913.693989,"C"
898,26528222.298469,"C"
899,17282812.662125,"C"
900,23240560.556575,"C"
901,36934442.524927,"C"
902,18648823.138235,"C"
903,20269985.606452,"C"
904,26222452.993902,"C"
905,29982221.728916,"C"
906,22478320.182965,"C"
907,21922485.340909,"C"
908,38002118.261006,"C"
909,20213438.682099,"C"
910,21076418.214533,"C"
911,19715138.488818,"C"
912,27889113.834416,"C"
913,32127230.760797,"C"
914,18087230.895385,"C"
915,28054999.868056,"C"
916,35474495.606452,"C"
917,26286675.840361,"C"
918,31049847.425397,"C"
919,21666213.583893,"C"
920,24822091.048611,"C"
921,31064604.877622,"C"
922,23263538.483755,"C"
923,23294473.982639,"C"
924,26596594.401408,"C"
925,31169521.907749,"C"
926,31279553.156934,"C"
927,31092828.289562,"C"
928,21299988.978417,"C"
929,21861508.158915,"C"
930,33909502.106299,"C"
931,25753608.791045,"C"
932,18750839.857778,"C"
933,28394149.526923,"C"
934,19406813.746939,"C"
935,41211342.821012,"C"
936,25435987.778598,"C"
937,15139922.279279,"C"
938,31406769.800000,"C"
939,19321747.896552,"C"
940,24256168.801762,"C"
941,29253013.074766,"C"
942,14007606.222826,"C"
943,21660551.443439,"C"
944,26606042.469484,"C"
945,27013985.259615,"C"
946,24515851.868421,"C"
947,18258627.868293,"C"
948,25102148.122340,"C"
949,34141313.725410,"C"
950,23633767.978261,"C"
951,22820871.084270,"C"
952,17270854.939560,"C"
953,15222253.787234,"C"
954,26656549.802139,"C"
955,16490805.311475,"C"
956,27016734.710983,"C"
957,16456623.386740,"C"
958,21212711.678363,"C"
959,22097935.178571,"C"
960,17655316.510204,"C"
961,17490142.585034,"C"
962,23169182.490066,"C"
963,12845526.352201,"C"
964,31404403.645390,"C"
965,11326610.790123,"C"
966,16502364.773333,"C"
967,46816765.415205,"C"
968,14985586.587838,"C"
969,41925810.690323,"C"
970,25470307.063492,"C"
971,14297380.736000,"C"
972,15250364.252174,"C"
973,26291358.975806,"C"
974,17655640.921260,"C"
975,21049117.686567,"C"
976,24515449.579439,"C"
977,25649262.831776,"C"
978,13908463.409091,"C"
979,36207785.023438,"C"
980,62032454.600000,"C"
981,32076775.530435,"C"
982,29190391.757282,"C"
983,16148110.262136,"C"
984,15087240.471910,"C"
985,21107470.195876,"C"
986,15017421.914894,"C"
987,17559474.000000,"C"
988,17855919.694737,"C"
989,20619327.845361,"C"
990,18214860.590164,"C"
991,25753587.410714,"C"
992,30061687.410959,"C"
993,35341234.661765,"C"
994,34684888.174603,"C"
995,18231794.033333,"C"
996,51567915.460317,"C"
997,25081532.344262,"C"
998,20052404.275862,"C"
999,13858550.534483,"C"
1000,16450077.187500,"C"
1,98060.094953,"P"
2,151979.423962,"P"
3,75778.320446,"P"
4,119477.547308,"P"
5,120971.420660,"P"
6,216137.056258,"P"
7,220935.541370,"P"
8,202492.823474,"P"
9,233448.696615,"P"
10,157735.193130,"P"
11,187975.894549,"P"
12,411093.323183,"P"
13,297928.149148,"P"
14,296501.130534,"P"
15,274213.286563,"P"
16,252646.923225,"P"
17,367855.979948,"P"
18,370426.339781,"P"
19,374092.685650,"P"
20,325902.344495,"P"
21,347252.872417,"P"
22,300350.344942,"P"
23,491402.296053,"P"
24,406196.534785,"P"
25,324976.014058,"P"
26,369930.754386,"P"
27,383774.643767,"P"
28,419366.987346,"P"
29,608514.745408,"P"
30,417380.172615,"P"
31,530046.778649,"P"
32,469106.366790,"P"
33,535297.200980,"P"
34,460107.152742,"P"
35,606239.631700,"P"
36,545152.647503,"P"
37,554446.217348,"P"
38,475433.044897,"P"
39,557350.142764,"P"
40,626523.198110,"P"
41,547038.487846,"P"
42,662092.410274,"P"
43,670526.055574,"P"
44,659678.724575,"P"
45,654866.166945,"P"
46,642484.000322,"P"
47,673284.253245,"P"
48,798312.482892,"P"
49,619143.042596,"P"
50,702394.364187,"P"
51,678483.374572,"P"
52,715081.029168,"P"
53,693521.857865,"P"
54,771958.036728,"P"
55,770705.661488,"P"
56,949994.154832,"P"
57,788435.588197,"P"
58,775031.615259,"P"
59,625930.497988,"P"
60,790637.399802,"P"
61,792155.400540,"P"
62,919155.491258,"P"
63,788262.811662,"P"
64,710358.624265,"P"
65,831979.495108,"P"
66,837423.419950,"P"
67,886873.562769,"P"
68,853351.469161,"P"
69,900121.164670,"P"
70,1022268.203327,"P"
71,915641.603466,"P"
72,1043991.924548,"P"
73,786063.426544,"P"
74,1147356.660479,"P"
75,1013531.520726,"P"
76,1047564.340359,"P"
77,1005577.628709,"P"
78,1151238.455102,"P"
79,1039251.540168,"P"
80,1095299.727780,"P"
81,1022521.361938,"P"
82,1242147.064926,"P"
83,979727.285416,"P"
84,1083381.477506,"P"
85,1044224.936297,"P"
86,1116166.127797,"P"
87,1118205.226461,"P"
88,1059556.576372,"P"
89,1231638.826806,"P"
90,1334545.333784,"P"
91,1276681.133878,"P"
92,1172137.506588,"P"
93,1194385.924682,"P"
94,1237317.109613,"P"
95,1224297.722183,"P"
96,1223104.994360,"P"
97,1255826.291883,"P"
98,1169904.790239,"P"
99,1297745.309695,"P"
100,1436609.758463,"P"
101,1193100.434645,"P"
102,1329238.159649,"P"
103,1255084.449700,"P"
104,1435898.583107,"P"
105,1501360.264486,"P"
106,1499315.234564,"P"
107,1367063.797127,"P"
108,1429967.253731,"P"
109,1515469.672293,"P"
110,1480011.332244,"P"
111,1415041.875598,"P"
112,1501737.799349,"P"
113,1655390.851699,"P"
114,1309471.652283,"P"
115,1552494.927039,"P"
116,1371409.180362,"P"
117,1406815.268489,"P"
118,1712314.602700,"P"
119,1410997.320160,"P"
120,1730717.193686,"P"
121,1723623.029921,"P"
122,1590274.700110,"P"
123,1676850.857143,"P"
124,1690317.131579,"P"
125,1813420.457519,"P"
126,1690726.495204,"P"
127,1693858.782992,"P"
128,1684032.932371,"P"
129,1582722.223343,"P"
130,1786202.494675,"P"
131,1881474.651982,"P"
132,1652982.179861,"P"
133,1695476.738834,"P"
134,1576778.781147,"P"
135,1960986.452164,"P"
136,1904219.618024,"P"
137,1812647.460007,"P"
138,1950383.354623,"P"
139,1529163.079279,"P"
140,1930939.332841,"P"
141,1980175.674427,"P"
142,1788153.875458,"P"
143,1914760.570632,"P"
144,1710536.720058,"P"
145,2249339.627667,"P"
146,1913352.200531,"P"
147,2038104.553237,"P"
148,1897337.777612,"P"
149,1782096.286135,"P"
150,1849818.527747,"P"
151,2078475.994186,"P"
152,2171621.708383,"P"
153,1962595.707754,"P"
154,1934449.268140,"P"
155,2204518.907484,"P"
156,1988234.587810,"P"
157,2062433.548708,"P"
158,2121408.998078,"P"
159,2253917.446888,"P"
160,1974711.693637,"P"
161,2128876.383514,"P"
162,1960367.920476,"P"
163,2134306.829835,"P"
164,1853882.929859,"P"
165,2046705.898667,"P"
166,2233144.774119,"P"
167,2188041.345670,"P"
168,2025023.530651,"P"
169,2308149.876534,"P"
170,2102743.380750,"P"
171,1836183.886135,"P"
172,2423814.468287,"P"
173,2212283.933542,"P"
174,2252861.008511,"P"
175,2178973.378545,"P"
176,2269820.927266,"P"
177,2646161.555771,"P"
178,2466082.411964,"P"
179,2342508.546113,"P"
180,2866582.412138,"P"
181,2403037.368239,"P"
182,2520054.075252,"P"
183,2709862.918834,"P"
184,2253777.509148,"P"
185,2427813.273407,"P"
186,2293766.663093,"P"
187,2621460.217156,"P"
188,2653600.458120,"P"
189,2518586.653877,"P"
190,2665457.958759,"P"
191,2666246.170323,"P"
192,2179414.688272,"P"
193,2562741.478088,"P"
194,2368874.581839,"P"
195,2670903.416923,"P"
196,2433008.303200,"P"
197,2479869.648565,"P"
198,2555586.872573,"P"
199,2806770.596192,"P"
200,2855492.024961,"P"
201,2931392.451699,"P"
202,2408159.041505,"P"
203,3182179.401130,"P"
204,2536592.452695,"P"
205,2781905.723178,"P"
206,2801457.025726,"P"
207,2691145.505315,"P"
208,2336353.973174,"P"
209,2853886.843472,"P"
210,2810364.582931,"P"
211,2701763.962902,"P"
212,2935201.026800,"P"
213,2942177.524135,"P"
214,3453296.727498,"P"
215,2779492.943083,"P"
216,2809146.466852,"P"
217,2942368.661939,"P"
218,3004354.565428,"P"
219,2886742.547235,"P"
220,2755288.610720,"P"
221,3040226.598024,"P"
222,2859187.716996,"P"
223,3195786.319495,"P"
224,3024421.014039,"P"
225,2950376.267418,"P"
226,2961814.649901,"P"
227,3647447.658556,"P"
228,2937275.751426,"P"
229,3219517.852066,"P"
230,2995268.683719,"P"
231,3150042.108866,"P"
232,2937974.545944,"P"
233,3372402.461417,"P"
234,3142640.919234,"P"
235,3089654.267606,"P"
236,3213369.134156,"P"
237,3432516.585492,"P"
238,3031837.373022,"P"
239,3623136.588789,"P"
240,2883446.357798,"P"
241,3140550.778470,"P"
242,3429642.991497,"P"
243,2990586.683560,"P"
244,3274991.106280,"P"
245,3231776.146935,"P"
246,3484547.274899,"P"
247,3195854.396393,"P"
248,3282452.650473,"P"
249,3280176.814446,"P"
250,3305903.071011,"P"
251,3617210.684411,"P"
252,3683627.506751,"P"
253,3468501.916489,"P"
254,3303054.914558,"P"
255,3707148.608170,"P"
256,3801875.565180,"P"
257,4023182.136227,"P"
258,3333136.432806,"P"
259,3484919.357524,"P"
260,3513952.587133,"P"
261,3394439.661715,"P"
262,3426435.844269,"P"
263,3252054.591266,"P"
264,3526703.642888,"P"
265,3650811.418111,"P"
266,3827996.511454,"P"
267,3541065.857328,"P"
268,3472004.013175,"P"
269,3638528.339590,"P"
270,3826272.300720,"P"
271,3500067.394874,"P"
272,3906090.184553,"P"
273,3506206.101791,"P"
274,3524613.286953,"P"
275,3705011.870107,"P"
276,3549649.871616,"P"
277,3815409.951075,"P"
278,4239531.023671,"P"
279,3909490.276103,"P"
280,3855927.480469,"P"
281,3906653.610477,"P"
282,3886960.684303,"P"
283,4212669.744053,"P"
284,3527891.980983,"P"
285,3911387.010559,"P"
286,4061232.184759,"P"
287,4032345.645896,"P"
288,3798103.456502,"P"
289,3875247.095134,"P"
290,3775206.033032,"P"
291,4301204.202007,"P"
292,4098469.387367,"P"
293,4511680.245917,"P"
294,4151107.929496,"P"
295,4038219.711290,"P"
296,4186517.583333,"P"
297,4061045.487202,"P"
298,3956928.242995,"P"
299,4392448.427083,"P"
300,3986957.682078,"P"
301,4216787.706447,"P"
302,3906607.566145,"P"
303,4533586.684066,"P"
304,4005937.720696,"P"
305,4270084.430259,"P"
306,4093003.587596,"P"
307,4146507.583647,"P"
308,3874900.030918,"P"
309,3935545.066246,"P"
310,4387227.444598,"P"
311,4553993.360320,"P"
312,4520944.914561,"P"
313,4277918.113533,"P"
314,4456868.930820,"P"
315,4690916.683595,"P"
316,4708760.959615,"P"
317,4832748.182232,"P"
318,4490903.942153,"P"
319,4481407.844309,"P"
320,4652706.779473,"P"
321,5158007.249767,"P"
322,4795512.023129,"P"
323,4757537.280344,"P"
324,5000087.307981,"P"
325,5007003.006545,"P"
326,5222581.374010,"P"
327,4831316.293271,"P"
328,4496991.217571,"P"
329,4736869.719039,"P"
330,4875027.921681,"P"
331,4610810.988310,"P"
332,4740285.835582,"P"
333,5573536.758072,"P"
334,4836618.493282,"P"
335,4747343.850591,"P"
336,5040539.149057,"P"
337,4527102.135057,"P"
338,4673604.238472,"P"
339,5194943.312558,"P"
340,5247074.385784,"P"
341,5022862.693667,"P"
342,5246859.798926,"P"
343,4997504.501437,"P"
344,4517596.290623,"P"
345,4494639.501930,"P"
346,4624676.856290,"P"
347,5583362.250120,"P"
348,5210053.569417,"P"
349,4947579.370067,"P"
350,4829206.386033,"P"
351,4911135.702783,"P"
352,4761149.517241,"P"
353,5321191.416584,"P"
354,5280538.159257,"P"
355,5311775.907196,"P"
356,5152054.378715,"P"
357,5435556.995992,"P"
358,5230634.744444,"P"
359,5464967.306132,"P"
360,5464436.940235,"P"
361,5967854.216071,"P"
362,5091168.674962,"P"
363,5039631.346577,"P"
364,4977099.915614,"P"
365,5509452.319822,"P"
366,4921671.541547,"P"
367,5262481.494456,"P"
368,4848775.092871,"P"
369,6089672.782207,"P"
370,5734277.958987,"P"
371,5624172.225553,"P"
372,5676360.773273,"P"
373,5088110.427838,"P"
374,5413149.274627,"P"
375,5492602.832485,"P"
376,5951731.306982,"P"
377,5443209.673439,"P"
378,5627810.649925,"P"
379,6086954.833250,"P"
380,5651742.869588,"P"
381,6109891.491411,"P"
382,5728945.839075,"P"
383,6497900.003544,"P"
384,6050628.023833,"P"
385,5596164.297679,"P"
386,6646497.390758,"P"
387,5285979.132047,"P"
388,6650842.978364,"P"
389,6325365.216605,"P"
390,5621993.133080,"P"
391,6050588.497131,"P"
392,6005201.838368,"P"
393,6081225.925419,"P"
394,6445207.209559,"P"
395,5938070.795322,"P"
396,5711783.823681,"P"
397,6092127.639938,"P"
398,5677703.035431,"P"
399,6336430.606789,"P"
400,5965253.931757,"P"
401,5738085.381838,"P"
402,6574534.435476,"P"
403,6289114.329545,"P"
404,6191828.935205,"P"
405,5796647.051057,"P"
406,7172755.298845,"P"
407,6204520.361607,"P"
408,7821878.158293,"P"
409,6054119.772432,"P"
410,6583151.839653,"P"
411,6327522.167035,"P"
412,7045419.919521,"P"
413,5992780.734662,"P"
414,6676893.447635,"P"
415,6627400.321111,"P"
416,6353707.224915,"P"
417,6986499.081710,"P"
418,6550169.558295,"P"
419,5945811.776166,"P"
420,6705849.591726,"P"
421,6310616.743467,"P"
422,6370860.363006,"P"
423,6597631.527050,"P"
424,7536500.979723,"P"
425,7097392.206136,"P"
426,6856165.403836,"P"
427,6651531.002826,"P"
428,6916570.307322,"P"
429,6963176.805889,"P"
430,7382283.731721,"P"
431,6527331.478409,"P"
432,6505026.479506,"P"
433,6962953.876101,"P"
434,7885474.645711,"P"
435,7275761.569444,"P"
436,6405733.918172,"P"
437,6774996.462735,"P"
438,8068770.440508,"P"
439,7190224.118680,"P"
440,7064000.899184,"P"
441,6960956.690608,"P"
442,7085497.775534,"P"
443,6942197.045455,"P"
444,6350899.788136,"P"
445,6690049.127490,"P"
446,6756052.585554,"P"
447,7439425.478932,"P"
448,7900461.163817,"P"
449,7067939.459250,"P"
450,6832447.977421,"P"
451,8265336.353370,"P"
452,6915179.712036,"P"
453,6743059.545032,"P"
454,6886956.113414,"P"
455,7247878.375277,"P"
456,7441122.102507,"P"
457,7629658.393207,"P"
458,7792690.756567,"P"
459,8361798.459596,"P"
460,7573999.784217,"P"
461,8119992.355503,"P"
462,7515933.582588,"P"
463,6909021.207634,"P"
464,8006986.882387,"P"
465,8086995.050475,"P"
466,8341054.898044,"P"
467,8612100.919092,"P"
468,7989241.404872,"P"
469,7082274.385294,"P"
470,9168647.296569,"P"
471,7851222.540059,"P"
472,8912197.670975,"P"
473,8265993.215035,"P"
474,9271398.971166,"P"
475,8096079.126469,"P"
476,8299019.987203,"P"
477,8655769.834112,"P"
478,7046237.902090,"P"
479,8968837.794932,"P"
480,7381891.126984,"P"
481,7771539.103825,"P"
482,8101399.429174,"P"
483,9012597.782190,"P"
484,9570829.138015,"P"
485,8416248.283904,"P"
486,9256125.272100,"P"
487,8114664.882424,"P"
488,8590187.731261,"P"
489,8756937.906832,"P"
490,8847987.463288,"P"
491,9414687.600498,"P"
492,9064206.239680,"P"
493,9275480.743525,"P"
494,8491042.752066,"P"
495,8231659.548047,"P"
496,8672032.812076,"P"
497,9189384.991156,"P"
498,8634268.072545,"P"
499,8765371.830012,"P"
500,7889866.079169,"P"
501,8889243.398606,"P"
502,7261411.198497,"P"
503,11169984.424281,"P"
504,9330230.698017,"P"
505,9225045.905588,"P"
506,7493057.554209,"P"
507,8533559.010719,"P"
508,8826001.728261,"P"
509,8674104.976086,"P"
510,8673038.491373,"P"
511,8569982.524130,"P"
512,8818862.514019,"P"
513,8927473.577177,"P"
514,9267417.748695,"P"
515,8245526.689882,"P"
516,8828530.231731,"P"
517,9293706.252934,"P"
518,9034646.325988,"P"
519,9436734.681849,"P"
520,10108822.268998,"P"
521,9770165.211551,"P"
522,8738617.556604,"P"
523,9716327.053342,"P"
524,8069668.648344,"P"
525,9916356.101167,"P"
526,10888440.838583,"P"
527,10132717.308000,"P"
528,9239935.667783,"P"
529,9385532.015306,"P"
530,10656366.689076,"P"
531,10191442.908900,"P"
532,9325387.312459,"P"
533,8434056.751664,"P"
534,8492889.970828,"P"
535,8857203.853626,"P"
536,9661072.283918,"P"
537,9091496.987960,"P"
538,10501065.589726,"P"
539,10257640.202614,"P"
540,10813559.035785,"P"
541,9302851.291328,"P"
542,8871330.830269,"P"
543,8939075.263528,"P"
544,11615588.241115,"P"
545,9833751.257999,"P"
546,10733359.057519,"P"
547,9115735.560000,"P"
548,10435133.436545,"P"
549,11215734.501686,"P"
550,10427199.127876,"P"
551,10567112.367133,"P"
552,10556511.904861,"P"
553,9473739.649237,"P"
554,9884666.367247,"P"
555,9779984.646570,"P"
556,11269953.011258,"P"
557,13632649.928571,"P"
558,10686651.574320,"P"
559,10406317.351878,"P"
560,10458276.467201,"P"
561,12012279.122567,"P"
562,9776347.379056,"P"
563,10162504.376381,"P"
564,11686993.323574,"P"
565,10097444.053645,"P"
566,11637549.039130,"P"
567,10292124.680921,"P"
568,11885686.030834,"P"
569,10056646.239207,"P"
570,10841154.914971,"P"
571,10442690.112473,"P"
572,12702844.357447,"P"
573,12037110.564435,"P"
574,13165094.356305,"P"
575,11413530.031852,"P"
576,10554696.939223,"P"
577,11728091.502614,"P"
578,13262660.969036,"P"
579,12253225.084656,"P"
580,11028766.809125,"P"
581,11158157.397126,"P"
582,11962869.233994,"P"
583,10825564.576809,"P"
584,12555429.581378,"P"
585,11498998.911631,"P"
586,11513727.033457,"P"
587,13268584.522273,"P"
588,9626002.266513,"P"
589,10508486.140118,"P"
590,11148867.400000,"P"
591,12225460.747899,"P"
592,10080746.806500,"P"
593,10543517.373428,"P"
594,12234084.195483,"P"
595,11185680.013878,"P"
596,12184795.533074,"P"
597,11014512.307339,"P"
598,12922823.852080,"P"
599,11697617.023975,"P"
600,14732428.702212,"P"
601,12237129.338684,"P"
602,11523171.083397,"P"
603,13907907.399680,"P"
604,11218482.041897,"P"
605,13683350.732837,"P"
606,13367807.395440,"P"
607,12531085.287950,"P"
608,11907572.761182,"P"
609,11957567.362041,"P"
610,12609845.889516,"P"
611,13168035.065811,"P"
612,10823145.201900,"P"
613,11326431.604762,"P"
614,11057815.378848,"P"
615,13182600.309410,"P"
616,11428151.486348,"P"
617,13405039.563621,"P"
618,12774359.756098,"P"
619,12609910.564985,"P"
620,11938653.024077,"P"
621,12854757.836079,"P"
622,10327961.550898,"P"
623,11234566.911862,"P"
624,11593016.835246,"P"
625,15050059.311710,"P"
626,15281188.976134,"P"
627,14882849.003322,"P"
628,14190092.044203,"P"
629,14622784.554656,"P"
630,13066271.155113,"P"
631,15241993.674061,"P"
632,12845305.021186,"P"
633,13112153.167347,"P"
634,14618504.158703,"P"
635,11354134.372227,"P"
636,12539654.229649,"P"
637,12097833.849268,"P"
638,11046165.104274,"P"
639,11738545.444444,"P"
640,14169322.812110,"P"
641,16795324.287788,"P"
642,13027210.869048,"P"
643,14654732.038914,"P"
644,12021749.114583,"P"
645,14152493.116064,"P"
646,11586429.652406,"P"
647,12823073.219577,"P"
648,14009536.252471,"P"
649,17220799.125112,"P"
650,12360071.089767,"P"
651,16196257.864717,"P"
652,14640438.937824,"P"
653,13371723.983681,"P"
654,13279630.394737,"P"
655,15184754.789519,"P"
656,17832811.887160,"P"
657,11907378.436893,"P"
658,13655266.620197,"P"
659,15575077.681271,"P"
660,16005834.271347,"P"
661,13845700.818354,"P"
662,14417647.871314,"P"
663,17060307.478952,"P"
664,14221657.065158,"P"
665,17077629.161702,"P"
666,15240189.196783,"P"
667,15218681.216990,"P"
668,15851428.596279,"P"
669,12856679.374766,"P"
670,15915469.696970,"P"
671,12022765.957368,"P"
672,13848904.560886,"P"
673,12493409.460211,"P"
674,12643802.511472,"P"
675,15395726.355024,"P"
676,13049600.429916,"P"
677,13164350.679649,"P"
678,15475787.561065,"P"
679,13044893.570152,"P"
680,14913322.927856,"P"
681,17432418.513488,"P"
682,14580713.625631,"P"
683,18814051.765226,"P"
684,14046170.411234,"P"
685,14841777.532533,"P"
686,18647692.103518,"P"
687,16020191.318756,"P"
688,14712613.976540,"P"
689,20326843.860947,"P"
690,12370464.964247,"P"
691,13738207.989507,"P"
692,15057472.352113,"P"
693,17458160.604926,"P"
694,14553448.118350,"P"
695,17719591.913605,"P"
696,15883496.772400,"P"
697,13254305.368583,"P"
698,17274430.261084,"P"
699,18393096.448980,"P"
700,14322983.944056,"P"
701,19089881.213898,"P"
702,15765163.138220,"P"
703,16691945.853002,"P"
704,16497347.084974,"P"
705,18925797.936422,"P"
706,13754991.565657,"P"
707,18149495.548729,"P"
708,17200180.706879,"P"
709,20690022.059979,"P"
710,16276794.556805,"P"
711,17837386.472373,"P"
712,20232610.270856,"P"
713,19071871.724138,"P"
714,17943676.602725,"P"
715,16149897.125399,"P"
716,18347991.973094,"P"
717,17091214.164045,"P"
718,14488878.419558,"P"
719,17270141.354339,"P"
720,16333692.354658,"P"
721,17478881.243792,"P"
722,16333321.911184,"P"
723,15928334.253935,"P"
724,18248759.170311,"P"
725,16271722.395531,"P"
726,18051080.553794,"P"
727,17277433.581528,"P"
728,16479289.308872,"P"
729,15674613.356725,"P"
730,23102390.691124,"P"
731,20062259.714286,"P"
732,14513823.938554,"P"
733,16351349.387615,"P"
734,11764989.668646,"P"
735,17849910.007160,"P"
736,17198996.356271,"P"
737,17073289.094145,"P"
738,19508455.229834,"P"
739,20694717.917607,"P"
740,16601214.435838,"P"
741,20161183.499421,"P"
742,18495929.039286,"P"
743,13626863.970732,"P"
744,18428583.216247,"P"
745,21028958.395189,"P"
746,17739294.252941,"P"
747,15185433.406780,"P"
748,17881643.944712,"P"
749,25078094.719497,"P"
750,20182494.688742,"P"
751,13783627.725907,"P"
752,17270357.606250,"P"
753,21425785.911911,"P"
754,18940404.678841,"P"
755,15411260.167082,"P"
756,18478376.829268,"P"
757,22033225.067237,"P"
758,18020164.157568,"P"
759,16546188.589617,"P"
760,16782387.623313,"P"
761,18363674.395778,"P"
762,16852604.636601,"P"
763,17928177.159326,"P"
764,23317103.917617,"P"
765,18993057.318898,"P"
766,15065075.261874,"P"
767,20880142.496635,"P"
768,19766278.662850,"P"
769,20656119.724095,"P"
770,24846258.631793,"P"
771,13795058.411765,"P"
772,24372915.549020,"P"
773,19906184.175810,"P"
774,18857990.813984,"P"
775,20912170.972117,"P"
776,19624454.004038,"P"
777,22154982.944444,"P"
778,14673136.355316,"P"
779,19812476.353521,"P"
780,18005224.226788,"P"
781,16800340.331006,"P"
782,17475016.305398,"P"
783,23373789.614247,"P"
784,21876834.778723,"P"
785,20817880.893297,"P"
786,15171314.356944,"P"
787,25421917.944369,"P"
788,18985951.247297,"P"
789,21015585.127193,"P"
790,18896291.268025,"P"
791,16140584.723703,"P"
792,16844911.052050,"P"
793,20375614.235385,"P"
794,21958767.146018,"P"
795,22064602.938686,"P"
796,22492655.024781,"P"
797,17305578.306065,"P"
798,26627196.874814,"P"
799,22402778.580398,"P"
800,23202523.787926,"P"
801,24327301.964339,"P"
802,21975911.806402,"P"
803,23575641.893651,"P"
804,20712450.764423,"P"
805,23611143.882629,"P"
806,25856723.996899,"P"
807,21276605.708661,"P"
808,19498653.628777,"P"
809,22227440.556886,"P"
810,19574932.810127,"P"
811,24333684.994907,"P"
812,15010466.617391,"P"
813,23143995.340753,"P"
814,24474273.601681,"P"
815,19439714.779032,"P"
816,20158887.115865,"P"
817,20597909.980861,"P"
818,15022551.579032,"P"
819,18335954.521870,"P"
820,24111172.956370,"P"
821,23319584.076547,"P"
822,19550880.246935,"P"
823,25385347.401835,"P"
824,32021646.231317,"P"
825,24606799.187075,"P"
826,20263001.390805,"P"
827,27062591.139610,"P"
828,18700430.114467,"P"
829,22990502.700499,"P"
830,17741936.992857,"P"
831,20975658.710575,"P"
832,15598182.911392,"P"
833,26021872.376812,"P"
834,19815104.817505,"P"
835,20477261.930192,"P"
836,30877317.510830,"P"
837,16467314.877698,"P"
838,24446651.019784,"P"
839,21937940.548193,"P"
840,24315900.914077,"P"
841,24593746.217973,"P"
842,19970486.295049,"P"
843,20098617.910280,"P"
844,22668365.021401,"P"
845,25446047.703704,"P"
846,22245484.177320,"P"
847,20095921.466418,"P"
848,20148147.074427,"P"
849,22518474.830258,"P"
850,22536233.034707,"P"
851,17963454.198131,"P"
852,22639551.934263,"P"
853,23513556.340040,"P"
854,21071393.781971,"P"
855,23491759.772727,"P"
856,20853188.188841,"P"
857,20511193.709474,"P"
858,16908508.672549,"P"
859,27260110.371308,"P"
860,21300987.146868,"P"
861,23956567.317130,"P"
862,24375448.056277,"P"
863,21561639.846983,"P"
864,24531741.435374,"P"
865,19645637.279318,"P"
866,25753079.653012,"P"
867,23547346.289655,"P"
868,21057243.794702,"P"
869,24055570.864979,"P"
870,19303710.304740,"P"
871,19925382.658371,"P"
872,19369215.630531,"P"
873,22898754.617500,"P"
874,15592884.859564,"P"
875,19531974.365672,"P"
876,21963634.309211,"P"
877,26416971.017738,"P"
878,20496546.244804,"P"
879,18885971.677273,"P"
880,16373999.177528,"P"
881,24659306.295566,"P"
882,17785458.936019,"P"
883,23286957.454294,"P"
884,22929569.611675,"P"
885,23364107.201439,"P"
886,28201227.705742,"P"
887,18391327.814904,"P"
888,23215704.720000,"P"
889,19458110.357683,"P"
890,35077183.576271,"P"
891,28286403.625330,"P"
892,15550692.755319,"P"
893,21218430.837838,"P"
894,21815196.722646,"P"
895,18423426.146814,"P"
896,22853979.483425,"P"
897,19794668.297688,"P"
898,23985152.455882,"P"
899,18698476.138138,"P"
900,26240399.422222,"P"
901,22450647.204082,"P"
902,26917409.796512,"P"
903,15072838.220544,"P"
904,28099813.100324,"P"
905,26873368.550459,"P"
906,31860137.755162,"P"
907,31287569.665738,"P"
908,19568293.096045,"P"
909,19903899.691892,"P"
910,20197372.950000,"P"
911,28572719.292763,"P"
912,23324854.754098,"P"
913,21082066.733788,"P"
914,40301239.164474,"P"
915,26826663.238245,"P"
916,21385035.532075,"P"
917,25711191.722222,"P"
918,22771830.401384,"P"
919,30257712.956081,"P"
920,25103246.472603,"P"
921,14693501.466431,"P"
922,24477286.243986,"P"
923,25011066.109929,"P"
924,30635559.134276,"P"
925,21208395.268199,"P"
926,23328638.266212,"P"
927,25775955.982877,"P"
928,22947091.602273,"P"
929,31331555.789668,"P"
930,28445359.851064,"P"
931,23025400.350211,"P"
932,11349023.636735,"P"
933,20950402.286920,"P"
934,32347626.479339,"P"
935,20148578.126638,"P"
936,13122174.489712,"P"
937,35795353.893878,"P"
938,29387272.477912,"P"
939,41875206.272727,"P"
940,17843323.836735,"P"
941,15709433.517073,"P"
942,18073378.365297,"P"
943,22249371.009302,"P"
944,33936475.865471,"P"
945,24460635.364865,"P"
946,17010823.222222,"P"
947,17439122.490909,"P"
948,29741394.676724,"P"
949,20668153.199052,"P"
950,23220881.383420,"P"
951,29045573.847826,"P"
952,21301712.612245,"P"
953,12970747.419540,"P"
954,29946764.369792,"P"
955,42199803.836957,"P"
956,31999398.487310,"P"
957,18820279.766467,"P"
958,34336939.936416,"P"
959,21421149.931217,"P"
960,41783699.238994,"P"
961,25796449.561151,"P"
962,24546056.830065,"P"
963,33866798.165517,"P"
964,29150711.317568,"P"
965,14621999.187500,"P"
966,24608595.412500,"P"
967,36404084.676829,"P"
968,23429352.795181,"P"
969,33231194.017964,"P"
970,28113433.250000,"P"
971,22818815.511811,"P"
972,15032514.923664,"P"
973,24414912.411765,"P"
974,36392672.297297,"P"
975,41318098.823529,"P"
976,14704367.718121,"P"
977,11955437.666667,"P"
978,16330909.622807,"P"
979,31050465.266129,"P"
980,19869174.900990,"P"
981,28306570.740741,"P"
982,26518263.888889,"P"
983,13297824.969388,"P"
984,21839895.820000,"P"
985,50122640.929412,"P"
986,45820653.978723,"P"
987,10153395.980952,"P"
988,40251493.649485,"P"
989,38944485.238636,"P"
990,31029745.315789,"P"
991,20900030.059702,"P"
992,15748139.449275,"P"
993,21946127.045455,"P"
994,30442657.368421,"P"
995,14580801.884058,"P"
996,51511229.951613,"P"
997,31060727.797297,"P"
998,36270373.271429,"P"
999,21266657.636364,"P"
1000,49781986.352941,"P"
